{
  "dataset": "synthetic",
  "shape": [
    300,
    200
  ],
  "device": "cuda",
  "n_epochs": 300,
  "runs": {
    "unseeded_a": {
      "seed": null,
      "W_sparsity": 0.00025,
      "W_absmean": 0.14082241764071762
    },
    "unseeded_b": {
      "seed": null,
      "W_sparsity": 5e-05,
      "W_absmean": 0.1409255416037427
    },
    "seed0_a": {
      "seed": 0,
      "W_sparsity": 7.5e-05,
      "W_absmean": 0.14093957838207835
    },
    "seed0_b": {
      "seed": 0,
      "W_sparsity": 7.5e-05,
      "W_absmean": 0.14093957838207835
    },
    "seed1": {
      "seed": 1,
      "W_sparsity": 5e-05,
      "W_absmean": 0.1408483356683439
    },
    "seed2": {
      "seed": 2,
      "W_sparsity": 0.0001,
      "W_absmean": 0.14078943282505527
    },
    "seed3": {
      "seed": 3,
      "W_sparsity": 0.000175,
      "W_absmean": 0.14104142248072746
    },
    "seed4": {
      "seed": 4,
      "W_sparsity": 7.5e-05,
      "W_absmean": 0.14076071842720989
    }
  },
  "pairs": {
    "unseeded_a_vs_b": {
      "W_pearson": 0.9991641669690706,
      "W_rel_frobenius": 0.040889194021072654,
      "centrality_spearman": 0.9983619590489763
    },
    "seed0_a_vs_b": {
      "W_pearson": 1.0,
      "W_rel_frobenius": 0.0,
      "centrality_spearman": 1.0
    },
    "cross_seed": {
      "0_vs_1": {
        "W_pearson": 0.9990247262854466,
        "W_rel_frobenius": 0.04416228704633354,
        "centrality_spearman": 0.9980574514362861
      },
      "0_vs_2": {
        "W_pearson": 0.9990679720817087,
        "W_rel_frobenius": 0.043174030362707394,
        "centrality_spearman": 0.9978684467111678
      },
      "0_vs_3": {
        "W_pearson": 0.9989811203111657,
        "W_rel_frobenius": 0.04515852094335303,
        "centrality_spearman": 0.9976509412735319
      },
      "0_vs_4": {
        "W_pearson": 0.9990219025464258,
        "W_rel_frobenius": 0.04422216233744572,
        "centrality_spearman": 0.998058951473787
      },
      "1_vs_2": {
        "W_pearson": 0.9991185533184361,
        "W_rel_frobenius": 0.04199026148999181,
        "centrality_spearman": 0.9982599564989126
      },
      "1_vs_3": {
        "W_pearson": 0.9990456257922888,
        "W_rel_frobenius": 0.043711287986740836,
        "centrality_spearman": 0.9975714392859824
      },
      "1_vs_4": {
        "W_pearson": 0.9990753675877778,
        "W_rel_frobenius": 0.042998096736944214,
        "centrality_spearman": 0.9979179479486989
      },
      "2_vs_3": {
        "W_pearson": 0.9990905458948228,
        "W_rel_frobenius": 0.04266662179283404,
        "centrality_spearman": 0.9982179554488864
      },
      "2_vs_4": {
        "W_pearson": 0.9991441064809513,
        "W_rel_frobenius": 0.041368949284456065,
        "centrality_spearman": 0.9985899647491188
      },
      "3_vs_4": {
        "W_pearson": 0.9990690448849908,
        "W_rel_frobenius": 0.04313995024419776,
        "centrality_spearman": 0.9981954548863723
      }
    }
  },
  "cross_seed_W_pearson_mean": 0.9990638965184013,
  "cross_seed_W_pearson_std": 4.5595411197211283e-05
}