{
  "name": "hematopoiesis",
  "species": "mouse",
  "path": "data/hematopoiesis/base_preprocessed.h5ad",
  "n_cells": 2671,
  "n_genes": 250,
  "cluster_key": "paul15_clusters",
  "clusters": [
    "14Mo",
    "2Ery",
    "13Baso",
    "3Ery",
    "15Mo",
    "5Ery",
    "6Ery",
    "7MEP",
    "16Neu",
    "10GMP",
    "4Ery",
    "12Baso",
    "8Mk",
    "9GMP",
    "1Ery",
    "17Neu"
  ],
  "scaffold": {
    "n_tfs": 8,
    "n_edges": 1045
  },
  "seed": 0,
  "pipeline_steps": [
    "fit_interactions (scaffold)",
    "compute_energies",
    "compute_jacobians + stats",
    "compute_network_centrality"
  ],
  "stability_by_cluster": {
    "14Mo": {
      "energy_total": 8.757781020691237,
      "jacobian_eig1_real": -0.01152392104268074,
      "jacobian_positive_evals": 1.0,
      "jacobian_trace": -3.8141002655029297
    },
    "2Ery": {
      "energy_total": 8.574878474060677,
      "jacobian_eig1_real": -0.04826447367668152,
      "jacobian_positive_evals": 1.0,
      "jacobian_trace": -7.040564060211182
    },
    "13Baso": {
      "energy_total": 9.328111141231101,
      "jacobian_eig1_real": -0.02778952196240425,
      "jacobian_positive_evals": 1.0,
      "jacobian_trace": -3.302454948425293
    },
    "3Ery": {
      "energy_total": 9.519071429149992,
      "jacobian_eig1_real": -0.02726013772189617,
      "jacobian_positive_evals": 1.0,
      "jacobian_trace": -4.327598571777344
    },
    "15Mo": {
      "energy_total": 7.58672451852186,
      "jacobian_eig1_real": -0.048660773783922195,
      "jacobian_positive_evals": 1.0,
      "jacobian_trace": -5.471956253051758
    },
    "5Ery": {
      "energy_total": 9.119936322768552,
      "jacobian_eig1_real": -0.04003816097974777,
      "jacobian_positive_evals": 1.0,
      "jacobian_trace": -5.786130905151367
    },
    "6Ery": {
      "energy_total": 6.7063621279969565,
      "jacobian_eig1_real": -0.026205815374851227,
      "jacobian_positive_evals": 1.0,
      "jacobian_trace": -5.846078395843506
    },
    "7MEP": {
      "energy_total": 3.0635573964888354,
      "jacobian_eig1_real": -0.03417971730232239,
      "jacobian_positive_evals": 0.0,
      "jacobian_trace": -6.585553169250488
    },
    "16Neu": {
      "energy_total": 6.532378477806894,
      "jacobian_eig1_real": -0.03419440984725952,
      "jacobian_positive_evals": 1.0,
      "jacobian_trace": -5.268442630767822
    },
    "10GMP": {
      "energy_total": 6.78135904632417,
      "jacobian_eig1_real": -0.029022840782999992,
      "jacobian_positive_evals": 1.0,
      "jacobian_trace": -4.440103054046631
    },
    "4Ery": {
      "energy_total": 9.157721748528676,
      "jacobian_eig1_real": -0.029337292537093163,
      "jacobian_positive_evals": 1.0,
      "jacobian_trace": -5.910545825958252
    },
    "12Baso": {
      "energy_total": 4.567960517323471,
      "jacobian_eig1_real": -0.0494706928730011,
      "jacobian_positive_evals": 0.0,
      "jacobian_trace": -6.845433235168457
    },
    "8Mk": {
      "energy_total": 5.399024808266007,
      "jacobian_eig1_real": -0.03917042911052704,
      "jacobian_positive_evals": 0.0,
      "jacobian_trace": -9.271446228027344
    },
    "9GMP": {
      "energy_total": 5.675554359068111,
      "jacobian_eig1_real": -0.03228847682476044,
      "jacobian_positive_evals": 1.0,
      "jacobian_trace": -6.613801002502441
    },
    "1Ery": {
      "energy_total": 5.739862074207131,
      "jacobian_eig1_real": -0.09062395244836807,
      "jacobian_positive_evals": 2.0,
      "jacobian_trace": -14.80259895324707
    },
    "17Neu": {
      "energy_total": 3.215077872493779,
      "jacobian_eig1_real": -0.05532713979482651,
      "jacobian_positive_evals": 0.0,
      "jacobian_trace": -13.654044151306152
    }
  },
  "top_drivers": [
    {
      "gene": "Myc",
      "out_strength": 2.9372715950012207
    },
    {
      "gene": "Ybx1",
      "out_strength": 1.9027481079101562
    },
    {
      "gene": "Nfe2",
      "out_strength": 1.6998459100723267
    },
    {
      "gene": "Myb",
      "out_strength": 1.500076174736023
    },
    {
      "gene": "Smarcc1",
      "out_strength": 0.9654099941253662
    },
    {
      "gene": "Cux1",
      "out_strength": 0.5320572257041931
    },
    {
      "gene": "Lmo2",
      "out_strength": 0.5012967586517334
    },
    {
      "gene": "Smarcc2",
      "out_strength": 0.41389015316963196
    },
    {
      "gene": "Ucp2",
      "out_strength": 0.0
    },
    {
      "gene": "Vamp8",
      "out_strength": 0.0
    },
    {
      "gene": "Uba1",
      "out_strength": 0.0
    },
    {
      "gene": "Tubb5",
      "out_strength": 0.0
    }
  ],
  "perturbation": {
    "target": "Myc",
    "impact_per_cluster": {
      "14Mo": 0.01597852259874344,
      "2Ery": 0.023447446525096893,
      "13Baso": 0.009147102944552898,
      "3Ery": 0.01779300533235073,
      "15Mo": 0.013420946896076202,
      "5Ery": 0.03100259229540825,
      "6Ery": 0.021806424483656883,
      "7MEP": 0.006757065188139677,
      "16Neu": 0.011309183202683926,
      "10GMP": 0.011361159384250641,
      "4Ery": 0.02841036580502987,
      "12Baso": 0.003309438703581691,
      "8Mk": 0.005440439097583294,
      "9GMP": 0.014663197100162506,
      "1Ery": 0.047432079911231995,
      "17Neu": 0.0013223449932411313
    }
  }
}