{
  "name": "hematopoiesis",
  "species": "mouse",
  "path": "data/hematopoiesis/base_preprocessed.h5ad",
  "n_cells": 2671,
  "n_genes": 250,
  "cluster_key": "paul15_clusters",
  "clusters": [
    "14Mo",
    "2Ery",
    "13Baso",
    "3Ery",
    "15Mo",
    "5Ery",
    "6Ery",
    "7MEP",
    "16Neu",
    "10GMP",
    "4Ery",
    "12Baso",
    "8Mk",
    "9GMP",
    "1Ery",
    "17Neu"
  ],
  "scaffold": {
    "n_tfs": 8,
    "n_edges": 1045
  },
  "seed": 0,
  "pipeline_steps": [
    "fit_interactions (scaffold)",
    "compute_energies",
    "compute_jacobians + stats",
    "compute_network_centrality"
  ],
  "stability_by_cluster": {
    "14Mo": {
      "energy_total": 8.665209238454127,
      "jacobian_eig1_real": -0.017072884365916252,
      "jacobian_positive_evals": 1.0,
      "jacobian_trace": -4.243847370147705
    },
    "2Ery": {
      "energy_total": 8.363658112235584,
      "jacobian_eig1_real": -0.05616563931107521,
      "jacobian_positive_evals": 1.0,
      "jacobian_trace": -7.903641223907471
    },
    "13Baso": {
      "energy_total": 9.114698870227233,
      "jacobian_eig1_real": -0.03398124501109123,
      "jacobian_positive_evals": 1.0,
      "jacobian_trace": -4.37337064743042
    },
    "3Ery": {
      "energy_total": 8.48054988284777,
      "jacobian_eig1_real": -0.0461898110806942,
      "jacobian_positive_evals": 1.0,
      "jacobian_trace": -7.811493873596191
    },
    "15Mo": {
      "energy_total": 7.5294818589693,
      "jacobian_eig1_real": -0.05091753229498863,
      "jacobian_positive_evals": 1.0,
      "jacobian_trace": -5.763340473175049
    },
    "5Ery": {
      "energy_total": 8.39605829315682,
      "jacobian_eig1_real": -0.05541456118226051,
      "jacobian_positive_evals": 1.0,
      "jacobian_trace": -8.273335456848145
    },
    "6Ery": {
      "energy_total": 6.247425132034532,
      "jacobian_eig1_real": -0.03733121231198311,
      "jacobian_positive_evals": 1.0,
      "jacobian_trace": -8.048460960388184
    },
    "7MEP": {
      "energy_total": 2.897434011652701,
      "jacobian_eig1_real": -0.04307101294398308,
      "jacobian_positive_evals": 0.0,
      "jacobian_trace": -8.33221435546875
    },
    "16Neu": {
      "energy_total": 6.30702691397125,
      "jacobian_eig1_real": -0.04383167624473572,
      "jacobian_positive_evals": 1.0,
      "jacobian_trace": -6.649280071258545
    },
    "10GMP": {
      "energy_total": 6.597159838022409,
      "jacobian_eig1_real": -0.03387807309627533,
      "jacobian_positive_evals": 1.0,
      "jacobian_trace": -5.518725872039795
    },
    "4Ery": {
      "energy_total": 8.395024817392287,
      "jacobian_eig1_real": -0.047620370984077454,
      "jacobian_positive_evals": 1.0,
      "jacobian_trace": -8.598976135253906
    },
    "12Baso": {
      "energy_total": 4.3838073363298875,
      "jacobian_eig1_real": -0.05777492746710777,
      "jacobian_positive_evals": 0.0,
      "jacobian_trace": -8.194954872131348
    },
    "8Mk": {
      "energy_total": 4.826944531901902,
      "jacobian_eig1_real": -0.05753474310040474,
      "jacobian_positive_evals": 0.0,
      "jacobian_trace": -12.110578536987305
    },
    "9GMP": {
      "energy_total": 5.437308562837457,
      "jacobian_eig1_real": -0.035808760672807693,
      "jacobian_positive_evals": 1.0,
      "jacobian_trace": -7.795281410217285
    },
    "1Ery": {
      "energy_total": 5.225498703155135,
      "jacobian_eig1_real": -0.09598500281572342,
      "jacobian_positive_evals": 2.0,
      "jacobian_trace": -16.788684844970703
    },
    "17Neu": {
      "energy_total": 3.0055568336428813,
      "jacobian_eig1_real": -0.06385785341262817,
      "jacobian_positive_evals": 0.0,
      "jacobian_trace": -15.376113891601562
    }
  },
  "top_drivers": [
    {
      "gene": "Myc",
      "out_strength": 3.035952091217041
    },
    {
      "gene": "Ybx1",
      "out_strength": 2.1105101108551025
    },
    {
      "gene": "Nfe2",
      "out_strength": 1.8171073198318481
    },
    {
      "gene": "Myb",
      "out_strength": 1.4986040592193604
    },
    {
      "gene": "Smarcc1",
      "out_strength": 0.9656010866165161
    },
    {
      "gene": "Cux1",
      "out_strength": 0.5341297388076782
    },
    {
      "gene": "Lmo2",
      "out_strength": 0.48571693897247314
    },
    {
      "gene": "Smarcc2",
      "out_strength": 0.4390183389186859
    },
    {
      "gene": "Ucp2",
      "out_strength": 0.0
    },
    {
      "gene": "Vamp8",
      "out_strength": 0.0
    },
    {
      "gene": "Uba1",
      "out_strength": 0.0
    },
    {
      "gene": "Tubb5",
      "out_strength": 0.0
    }
  ],
  "perturbation": {
    "target": "Myc",
    "impact_per_cluster": {
      "14Mo": 0.016499880701303482,
      "2Ery": 0.02559618465602398,
      "13Baso": 0.011435731314122677,
      "3Ery": 0.031404461711645126,
      "15Mo": 0.014037529937922955,
      "5Ery": 0.0434127114713192,
      "6Ery": 0.028971804305911064,
      "7MEP": 0.00785543117672205,
      "16Neu": 0.012955611571669579,
      "10GMP": 0.01346119400113821,
      "4Ery": 0.04098467156291008,
      "12Baso": 0.0036409907042980194,
      "8Mk": 0.006399752572178841,
      "9GMP": 0.016460459679365158,
      "1Ery": 0.053758587688207626,
      "17Neu": 0.001366559648886323
    }
  }
}