{
  "name": "human_limb",
  "species": "human",
  "path": "data/generalize/human_limb.h5ad",
  "n_cells": 12207,
  "n_genes": 250,
  "cluster_key": "leiden_R_celltype",
  "clusters": [
    "PAX7+MyoProg2",
    "PAX7+MyoProg1",
    "PAX3+PAX7+MyoProg",
    "MyoB2",
    "MyoB1",
    "MyoC2",
    "PAX3+MyoProg",
    "MyoC1",
    "MYL3+MyoC",
    "MYH3+MyoC"
  ],
  "scaffold": {
    "n_tfs": 47,
    "n_edges": 3771
  },
  "seed": 0,
  "pipeline_steps": [
    "fit_interactions (scaffold)",
    "compute_energies",
    "compute_jacobians + stats",
    "compute_network_centrality"
  ],
  "stability_by_cluster": {
    "PAX7+MyoProg2": {
      "energy_total": 6.8869720427719034,
      "jacobian_eig1_real": -0.033772096037864685,
      "jacobian_positive_evals": 1.0,
      "jacobian_trace": -126.03317260742188
    },
    "PAX7+MyoProg1": {
      "energy_total": 7.165271162598841,
      "jacobian_eig1_real": -0.1069754809141159,
      "jacobian_positive_evals": 1.0,
      "jacobian_trace": -126.75615692138672
    },
    "PAX3+PAX7+MyoProg": {
      "energy_total": 6.781947768442354,
      "jacobian_eig1_real": -0.002838495885953307,
      "jacobian_positive_evals": 3.0,
      "jacobian_trace": -116.66893005371094
    },
    "MyoB2": {
      "energy_total": 6.606463682173561,
      "jacobian_eig1_real": -0.006736285984516144,
      "jacobian_positive_evals": 4.0,
      "jacobian_trace": -114.53271484375
    },
    "MyoB1": {
      "energy_total": 5.827518790581888,
      "jacobian_eig1_real": -0.016834478825330734,
      "jacobian_positive_evals": 3.0,
      "jacobian_trace": -118.84679412841797
    },
    "MyoC2": {
      "energy_total": 2.5830546206256217,
      "jacobian_eig1_real": -0.14023666083812714,
      "jacobian_positive_evals": 1.0,
      "jacobian_trace": -141.40371704101562
    },
    "PAX3+MyoProg": {
      "energy_total": 5.782274408151618,
      "jacobian_eig1_real": -0.05025578290224075,
      "jacobian_positive_evals": 3.0,
      "jacobian_trace": -126.83883666992188
    },
    "MyoC1": {
      "energy_total": 3.9320113434400135,
      "jacobian_eig1_real": -0.05918367579579353,
      "jacobian_positive_evals": 4.0,
      "jacobian_trace": -139.0751953125
    },
    "MYL3+MyoC": {
      "energy_total": 2.57057784621251,
      "jacobian_eig1_real": -0.016190631315112114,
      "jacobian_positive_evals": 2.0,
      "jacobian_trace": -152.36770629882812
    },
    "MYH3+MyoC": {
      "energy_total": 2.7398335623489016,
      "jacobian_eig1_real": -0.22257240116596222,
      "jacobian_positive_evals": 3.0,
      "jacobian_trace": -159.80780029296875
    }
  },
  "top_drivers": [
    {
      "gene": "EGR1",
      "out_strength": 9.135987281799316
    },
    {
      "gene": "FOS",
      "out_strength": 8.218358993530273
    },
    {
      "gene": "ATF3",
      "out_strength": 8.086766242980957
    },
    {
      "gene": "MYC",
      "out_strength": 7.652154922485352
    },
    {
      "gene": "HES1",
      "out_strength": 6.945234775543213
    },
    {
      "gene": "KLF4",
      "out_strength": 6.332613945007324
    },
    {
      "gene": "PLAGL1",
      "out_strength": 6.237279891967773
    },
    {
      "gene": "POU2F2",
      "out_strength": 6.054564952850342
    },
    {
      "gene": "NR3C1",
      "out_strength": 5.490403175354004
    },
    {
      "gene": "E2F1",
      "out_strength": 5.437173366546631
    },
    {
      "gene": "HES4",
      "out_strength": 5.43257474899292
    },
    {
      "gene": "KLF5",
      "out_strength": 4.217637062072754
    }
  ],
  "perturbation": {
    "target": "EGR1",
    "impact_per_cluster": {
      "PAX7+MyoProg2": 0.0695994570851326,
      "PAX7+MyoProg1": 0.09229519963264465,
      "PAX3+PAX7+MyoProg": 0.05642743781208992,
      "MyoB2": 0.0709584578871727,
      "MyoB1": 0.0912642553448677,
      "MyoC2": 0.09068521857261658,
      "PAX3+MyoProg": 0.05007210373878479,
      "MyoC1": 0.1397814005613327,
      "MYL3+MyoC": 0.02391701377928257,
      "MYH3+MyoC": 0.23766493797302246
    }
  }
}